common,scientific,family,suborder,infraorder,parvorder,genus,species,
Hairy-eared dwarf lemur,Allocebus trichotis,Cheirogaleidae,Strepsirrhini,,,Allocebus,trichotis,
Coquerel's mouse lemur,Mirza coquereli,Cheirogaleidae,Strepsirrhini,,,Mirza,coquereli,
Northern giant mouse lemur,Mirza zaza,Cheirogaleidae,Strepsirrhini,,,Mirza,zaza,
Arnhold's mouse lemur,Microcebus arnholdi,Cheirogaleidae,Strepsirrhini,,,Microcebus,arnholdi,
Madame Berthe's mouse lemur,Microcebus berthae,Cheirogaleidae,Strepsirrhini,,,Microcebus,berthae,
Bongolava mouse lemur,Microcebus bongolavensis,Cheirogaleidae,Strepsirrhini,,,Microcebus,bongolavensis,
Boraha mouse lemur,Microcebus boraha,Cheirogaleidae,Strepsirrhini,,,Microcebus,boraha,
Danfoss' mouse lemur,Microcebus danfossi,Cheirogaleidae,Strepsirrhini,,,Microcebus,danfossi,
Ganzhorn's mouse lemur,Microcebus ganzhorni,Cheirogaleidae,Strepsirrhini,,,Microcebus,ganzhorni,
Gerp's mouse lemur,Microcebus gerpi,Cheirogaleidae,Strepsirrhini,,,Microcebus,gerpi,
Reddish-gray mouse lemur,Microcebus griseorufus,Cheirogaleidae,Strepsirrhini,,,Microcebus,griseorufus,
Jolly's mouse lemur,Microcebus jollyae,Cheirogaleidae,Strepsirrhini,,,Microcebus,jollyae,
Jonah's mouse lemur,Microcebus jonahi,Cheirogaleidae,Strepsirrhini,,,Microcebus,jonahi,
Goodman's mouse lemur,Microcebus lehilahytsara,Cheirogaleidae,Strepsirrhini,,,Microcebus,lehilahytsara,
MacArthur's mouse lemur,Microcebus macarthurii,Cheirogaleidae,Strepsirrhini,,,Microcebus,macarthurii,
Claire's mouse lemur,Microcebus mamiratra,Cheirogaleidae,Strepsirrhini,,,Microcebus,mamiratra,
Bemanasy mouse lemur,Microcebus manitatra,Cheirogaleidae,Strepsirrhini,,,Microcebus,manitatra,
Margot Marsh's mouse lemur,Microcebus margotmarshae,Cheirogaleidae,Strepsirrhini,,,Microcebus,margotmarshae,
Marohita mouse lemur,Microcebus marohita,Cheirogaleidae,Strepsirrhini,,,Microcebus,marohita,
Mittermeier's mouse lemur,Microcebus mittermeieri,Cheirogaleidae,Strepsirrhini,,,Microcebus,mittermeieri,
Gray mouse lemur,Microcebus murinus,Cheirogaleidae,Strepsirrhini,,,Microcebus,murinus,
Pygmy mouse lemur,Microcebus myoxinus,Cheirogaleidae,Strepsirrhini,,,Microcebus,myoxinus,
Golden-brown mouse lemur,Microcebus ravelobensis,Cheirogaleidae,Strepsirrhini,,,Microcebus,ravelobensis,
Brown mouse lemur,Microcebus rufus,Cheirogaleidae,Strepsirrhini,,,Microcebus,rufus,
Sambirano mouse lemur,Microcebus sambiranensis,Cheirogaleidae,Strepsirrhini,,,Microcebus,sambiranensis,
Simmons' mouse lemur,Microcebus simmonsi,Cheirogaleidae,Strepsirrhini,,,Microcebus,simmonsi,
Anosy mouse lemur,Microcebus tanosi,Cheirogaleidae,Strepsirrhini,,,Microcebus,tanosi,
Northern rufous mouse lemur,Microcebus tavaratra,Cheirogaleidae,Strepsirrhini,,,Microcebus,tavaratra,
Montagne d'Ambre dwarf lemur,Cheirogaleus andysabini,Cheirogaleidae,Strepsirrhini,,,Cheirogaleus,andysabini,
Furry-eared dwarf lemur,Cheirogaleus crossleyi,Cheirogaleidae,Strepsirrhini,,,Cheirogaleus,crossleyi,
Groves' dwarf lemur,Cheirogaleus grovesi,Cheirogaleidae,Strepsirrhini,,,Cheirogaleus,grovesi,
Lavasoa dwarf lemur,Cheirogaleus lavasoensis,Cheirogaleidae,Strepsirrhini,,,Cheirogaleus,lavasoensis,
Greater dwarf lemur,Cheirogaleus major,Cheirogaleidae,Strepsirrhini,,,Cheirogaleus,major,
Fat-tailed dwarf lemur,Cheirogaleus medius,Cheirogaleidae,Strepsirrhini,,,Cheirogaleus,medius,
Lesser iron-gray dwarf lemur,Cheirogaleus minusculus,Cheirogaleidae,Strepsirrhini,,,Cheirogaleus,minusculus,
Ankarana dwarf lemur,Cheirogaleus shethi,Cheirogaleidae,Strepsirrhini,,,Cheirogaleus,shethi,
Sibree's dwarf lemur,Cheirogaleus sibreei,Cheirogaleidae,Strepsirrhini,,,Cheirogaleus,sibreei,
Thomas' dwarf lemur,Cheirogaleus thomasi,Cheirogaleidae,Strepsirrhini,,,Cheirogaleus,thomasi,
Amber Mountain fork-marked lemur,Phaner electromontis,Cheirogaleidae,Strepsirrhini,,,Phaner,electromontis,
Masoala fork-marked lemur,Phaner furcifer,Cheirogaleidae,Strepsirrhini,,,Phaner,furcifer,
Pale fork-marked lemur,Phaner pallescens,Cheirogaleidae,Strepsirrhini,,,Phaner,pallescens,
Pariente's fork-marked lemur,Phaner parienti,Cheirogaleidae,Strepsirrhini,,,Phaner,parienti,
Ring-tailed lemur,Lemur catta,Lemuridae,Strepsirrhini,,,Lemur,catta,
White-headed lemur,Eulemur albifrons,Lemuridae,Strepsirrhini,,,Eulemur,albifrons,
Gray-headed lemur,Eulemur cinereiceps,Lemuridae,Strepsirrhini,,,Eulemur,cinereiceps,
Collared brown lemur,Eulemur collaris,Lemuridae,Strepsirrhini,,,Eulemur,collaris,
Crowned lemur,Eulemur coronatus,Lemuridae,Strepsirrhini,,,Eulemur,coronatus,
Blue-eyed black lemur,Eulemur flavifrons,Lemuridae,Strepsirrhini,,,Eulemur,flavifrons,
Common brown lemur,Eulemur fulvus,Lemuridae,Strepsirrhini,,,Eulemur,fulvus,
Black lemur,Eulemur macaco,Lemuridae,Strepsirrhini,,,Eulemur,macaco,
Mongoose lemur,Eulemur mongoz,Lemuridae,Strepsirrhini,,,Eulemur,mongoz,
Red-bellied lemur,Eulemur rubriventer,Lemuridae,Strepsirrhini,,,Eulemur,rubriventer,
Red-fronted lemur,Eulemur rufifrons,Lemuridae,Strepsirrhini,,,Eulemur,rufifrons,
Red lemur,Eulemur rufus,Lemuridae,Strepsirrhini,,,Eulemur,rufus,
Sanford's brown lemur,Eulemur sanfordi,Lemuridae,Strepsirrhini,,,Eulemur,sanfordi,
Lac Alaotra bamboo lemur,Hapalemur alaotrensis,Lemuridae,Strepsirrhini,,,Hapalemur,alaotrensis,
Golden bamboo lemur,Hapalemur aureus,Lemuridae,Strepsirrhini,,,Hapalemur,aureus,
Eastern lesser bamboo lemur,Hapalemur griseus,Lemuridae,Strepsirrhini,,,Hapalemur,griseus,
Southern lesser bamboo lemur,Hapalemur meridionalis,Lemuridae,Strepsirrhini,,,Hapalemur,meridionalis,
Western lesser bamboo lemur,Hapalemur occidentalis,Lemuridae,Strepsirrhini,,,Hapalemur,occidentalis,
Greater bamboo lemur,Prolemur simus,Lemuridae,Strepsirrhini,,,Prolemur,simus,
Red ruffed lemur,Varecia rubra ,Lemuridae,Strepsirrhini,,,Varecia,rubra,
Black-and-white ruffed lemur,Varecia variegata ,Lemuridae,Strepsirrhini,,,Varecia,variegata,
AEECL's sportive lemur,Lepilemur aeeclis,Lepilemuridae,Strepsirrhini,,,Lepilemur,aeeclis,
Ahmanson's sportive lemur,Lepilemur ahmansoni,Lepilemuridae,Strepsirrhini,,,Lepilemur,ahmansoni,
Ankarana sportive lemur,Lepilemur ankaranensis,Lepilemuridae,Strepsirrhini,,,Lepilemur,ankaranensis,
Betsileo sportive lemur,Lepilemur betsileo,Lepilemuridae,Strepsirrhini,,,Lepilemur,betsileo,
Gray-backed sportive lemur,Lepilemur dorsalis,Lepilemuridae,Strepsirrhini,,,Lepilemur,dorsalis,
Milne-Edwards' sportive lemur,Lepilemur edwardsi,Lepilemuridae,Strepsirrhini,,,Lepilemur,edwardsi,
Fleurete's sportive lemur,Lepilemur fleuretae,Lepilemuridae,Strepsirrhini,,,Lepilemur,fleuretae,
Grewcock's sportive lemur,Lepilemur grewcockorum,Lepilemuridae,Strepsirrhini,,,Lepilemur,grewcockorum,
Holland's sportive lemur,Lepilemur hollandorum,Lepilemuridae,Strepsirrhini,,,Lepilemur,hollandorum,
Hubbard's sportive lemur,Lepilemur hubbardi,Lepilemuridae,Strepsirrhini,,,Lepilemur,hubbardi,
James' sportive lemur,Lepilemur jamesorum,Lepilemuridae,Strepsirrhini,,,Lepilemur,jamesorum,
White-footed sportive lemur,Lepilemur leucopus,Lepilemuridae,Strepsirrhini,,,Lepilemur,leucopus,
Small-toothed sportive lemur,Lepilemur microdon,Lepilemuridae,Strepsirrhini,,,Lepilemur,microdon,
Daraina sportive lemur,Lepilemur milanoii,Lepilemuridae,Strepsirrhini,,,Lepilemur,milanoii,
Mittermeier's sportive lemur,Lepilemur mittermeieri,Lepilemuridae,Strepsirrhini,,,Lepilemur,mittermeieri,
Weasel sportive lemur,Lepilemur mustelinus,Lepilemuridae,Strepsirrhini,,,Lepilemur,mustelinus,
Otto's sportive lemur,Lepilemur otto,Lepilemuridae,Strepsirrhini,,,Lepilemur,otto,
Petter's sportive lemur,Lepilemur petteri,Lepilemuridae,Strepsirrhini,,,Lepilemur,petteri,
Randrianasolo's sportive lemur,Lepilemur randrianasoli,Lepilemuridae,Strepsirrhini,,,Lepilemur,randrianasoli,
Red-tailed sportive lemur,Lepilemur ruficaudatus,Lepilemuridae,Strepsirrhini,,,Lepilemur,ruficaudatus,
Sahamalaza sportive lemur,Lepilemur sahamalazensis,Lepilemuridae,Strepsirrhini,,,Lepilemur,sahamalazensis,
Scott's sportive lemur,Lepilemur scottorum,Lepilemuridae,Strepsirrhini,,,Lepilemur,scottorum,
Seal's sportive lemur,Lepilemur seali,Lepilemuridae,Strepsirrhini,,,Lepilemur,seali,
Northern sportive lemur,Lepilemur septentrionalis,Lepilemuridae,Strepsirrhini,,,Lepilemur,septentrionalis,
Hawks' sportive lemur,Lepilemur tymerlachsoni,Lepilemuridae,Strepsirrhini,,,Lepilemur,tymerlachsoni,
Wright's sportive lemur,Lepilemur wrightae,Lepilemuridae,Strepsirrhini,,,Lepilemur,wrightae,
Indri,Indri indri,Indriidae,Strepsirrhini,,,Indri,indri,
Betsileo woolly lemur,Avahi betsileo,Indriidae,Strepsirrhini,,,Avahi,betsileo,
Bemaraha woolly lemur,Avahi cleesei,Indriidae,Strepsirrhini,,,Avahi,cleesei,
Eastern woolly lemur,Avahi laniger,Indriidae,Strepsirrhini,,,Avahi,laniger,
Southern woolly lemur,Avahi meridionalis,Indriidae,Strepsirrhini,,,Avahi,meridionalis,
Moore's woolly lemur,Avahi mooreorum,Indriidae,Strepsirrhini,,,Avahi,mooreorum,
Western woolly lemur,Avahi occidentalis,Indriidae,Strepsirrhini,,,Avahi,occidentalis,
Peyrieras's woolly lemur,Avahi peyrierasi,Indriidae,Strepsirrhini,,,Avahi,peyrierasi,
Ramanantsoavana's woolly lemur,Avahi ramanantsoavani,Indriidae,Strepsirrhini,,,Avahi,ramanantsoavani,
Sambirano woolly lemur,Avahi unicolor,Indriidae,Strepsirrhini,,,Avahi,unicolor,
Silky sifaka,Propithecus candidus,Indriidae,Strepsirrhini,,,Propithecus,candidus,
Coquerel's sifaka,Propithecus coquereli,Indriidae,Strepsirrhini,,,Propithecus,coquereli,
Crowned sifaka,Propithecus coronatus,Indriidae,Strepsirrhini,,,Propithecus,coronatus,
Von der Decken's sifaka,Propithecus deckenii,Indriidae,Strepsirrhini,,,Propithecus,deckenii,
Diademed sifaka,Propithecus diadema,Indriidae,Strepsirrhini,,,Propithecus,diadema,
Milne-Edwards's sifaka,Propithecus edwardsi,Indriidae,Strepsirrhini,,,Propithecus,edwardsi,
Perrier's sifaka,Propithecus perrieri,Indriidae,Strepsirrhini,,,Propithecus,perrieri,
Golden-crowned sifaka,Propithecus tattersalli,Indriidae,Strepsirrhini,,,Propithecus,tattersalli,
Verreaux's sifaka,Propithecus verreauxi,Indriidae,Strepsirrhini,,,Propithecus,verreauxi,
Aye-aye,Daubentonia madagascariensis,Daubentoniidae,Strepsirrhini,,,Daubentonia,madagascariensis,
Golden angwantibo,Arctocebus aureus,Lorisidae,Strepsirrhini,,,Arctocebus,aureus,
Calabar angwantibo,Arctocebus calabarensis,Lorisidae,Strepsirrhini,,,Arctocebus,calabarensis,
Central African potto,Perodicticus edwardsi,Lorisidae,Strepsirrhini,,,Perodicticus,edwardsi,
East African potto,Perodicticus ibeanus,Lorisidae,Strepsirrhini,,,Perodicticus,ibeanus,
West African potto,Perodicticus potto,Lorisidae,Strepsirrhini,,,Perodicticus,potto,
Gray slender loris,Loris lydekkerianus,Lorisidae,Strepsirrhini,,,Loris,lydekkerianus,
Red slender loris,Loris tardigradus,Lorisidae,Strepsirrhini,,,Loris,tardigradus,
Bangka slow loris,Nycticebus bancanus,Lorisidae,Strepsirrhini,,,Nycticebus,bancanus,
Bengal slow loris,Nycticebus bengalensis,Lorisidae,Strepsirrhini,,,Nycticebus,bengalensis,
Bornean slow loris,Nycticebus borneanus,Lorisidae,Strepsirrhini,,,Nycticebus,borneanus,
Sunda slow loris,Nycticebus coucang,Lorisidae,Strepsirrhini,,,Nycticebus,coucang,
Javan slow loris,Nycticebus javanicus,Lorisidae,Strepsirrhini,,,Nycticebus,javanicus,
Kayan River slow loris,Nycticebus kayan,Lorisidae,Strepsirrhini,,,Nycticebus,kayan,
Philippine slow loris,Nycticebus menagensis,Lorisidae,Strepsirrhini,,,Nycticebus,menagensis,
Sumatran slow loris,Nycticebus hilleri,Lorisidae,Strepsirrhini,,,Nycticebus,hilleri,
Pygmy slow loris,Xanthonycticebus pygmaeus,Lorisidae,Strepsirrhini,,,Xanthonycticebus,pygmaeus,
Somali bushbaby,Galago gallarum,Galagidae,Strepsirrhini,,,Galago,gallarum,
Dusky bushbaby,Galago matschiei,Galagidae,Strepsirrhini,,,Galago,matschiei,
Mohol bushbaby,Galago moholi,Galagidae,Strepsirrhini,,,Galago,moholi,
Senegal bushbaby,Galago senegalensis,Galagidae,Strepsirrhini,,,Galago,senegalensis,
Prince Demidoff's bushbaby,Galagoides demidovii,Galagidae,Strepsirrhini,,,Galagoides,demidovii,
Angolan dwarf galago,Galagoides kumbirensis,Galagidae,Strepsirrhini,,,Galagoides,kumbirensis,
Thomas's bushbaby,Galagoides thomasi,Galagidae,Strepsirrhini,,,Galagoides,thomasi,
Kenya coast galago,Paragalago cocos,Galagidae,Strepsirrhini,,,Paragalago,cocos,
Grant's bushbaby,Paragalago granti,Galagidae,Strepsirrhini,,,Paragalago,granti,
Malawi bushbaby,Paragalago nyasae,Galagidae,Strepsirrhini,,,Paragalago,nyasae,
Uluguru bushbaby,Paragalago orinus,Galagidae,Strepsirrhini,,,Paragalago,orinus,
Rondo dwarf galago,Paragalago rondoensis,Galagidae,Strepsirrhini,,,Paragalago,rondoensis,
Thomas's bushbaby,Paragalago thomasi,Galagidae,Strepsirrhini,,,Paragalago,thomasi,
Zanzibar bushbaby,Paragalago zanzibaricus,Galagidae,Strepsirrhini,,,Paragalago,zanzibaricus,
Rungwe dwarf galago,Paragalago sp. nov.,Galagidae,Strepsirrhini,,,Paragalago,sp.,nov.
Brown greater galago,Otolemur crassicaudatus,Galagidae,Strepsirrhini,,,Otolemur,crassicaudatus,
Northern greater galago,Otolemur garnettii,Galagidae,Strepsirrhini,,,Otolemur,garnettii,
Silvery greater galago,Otolemur monteiri,Galagidae,Strepsirrhini,,,Otolemur,monteiri,
Southern needle-clawed bushbaby,Euoticus elegantulus,Galagidae,Strepsirrhini,,,Euoticus,elegantulus,
Northern needle-clawed bushbaby,Euoticus pallidus,Galagidae,Strepsirrhini,,,Euoticus,pallidus,
Bioko Allen's bushbaby,Sciurocheirus alleni,Galagidae,Strepsirrhini,,,Sciurocheirus,alleni,
Cross River bushbaby,Sciurocheirus cameronensis,Galagidae,Strepsirrhini,,,Sciurocheirus,cameronensis,
Gabon bushbaby,Sciurocheirus gabonensis,Galagidae,Strepsirrhini,,,Sciurocheirus,gabonensis,
Makandé squirrel galago,Sciurocheirus makandensis,Galagidae,Strepsirrhini,,,Sciurocheirus,makandensis,
Philippine tarsier,Carlito syrichta,Tarsiidae,Haplorrhini,Tarsiiformes,,Carlito,syrichta,
Horsfield's tarsier,Cephalopachus bancanus,Tarsiidae,Haplorrhini,Tarsiiformes,,Cephalopachus,bancanus,
Dian's tarsier,Tarsius dentatus,Tarsiidae,Haplorrhini,Tarsiiformes,,Tarsius,dentatus,
Makassar tarsier,Tarsius fuscus,Tarsiidae,Haplorrhini,Tarsiiformes,,Tarsius,fuscus,
Lariang tarsier,Tarsius lariang,Tarsiidae,Haplorrhini,Tarsiiformes,,Tarsius,lariang,
Peleng tarsier,Tarsius pelengensis,Tarsiidae,Haplorrhini,Tarsiiformes,,Tarsius,pelengensis,
Pygmy tarsier,Tarsius pumilus,Tarsiidae,Haplorrhini,Tarsiiformes,,Tarsius,pumilus,
Sangihe tarsier,Tarsius sangirensis,Tarsiidae,Haplorrhini,Tarsiiformes,,Tarsius,sangirensis,
Spectral tarsier,Tarsius tarsier,Tarsiidae,Haplorrhini,Tarsiiformes,,Tarsius,tarsier,
Siau Island tarsier,Tarsius tumpara,Tarsiidae,Haplorrhini,Tarsiiformes,,Tarsius,tumpara,
Wallace's tarsier,Tarsius wallacei,Tarsiidae,Haplorrhini,Tarsiiformes,,Tarsius,wallacei,
"Gursky's spectral tarsier,",Tarsius spectrumgurskyae,Tarsiidae,Haplorrhini,Tarsiiformes,,Tarsius,spectrumgurskyae,
"Jatna's tarsier,",Tarsius supriatnai,Tarsiidae,Haplorrhini,Tarsiiformes,,Tarsius,supriatnai,
Niemitz's tarsier,Tarsius niemitzi,Tarsiidae,Haplorrhini,Tarsiiformes,,Tarsius,niemitzi,
Buffy-tufted marmoset,Callithrix aurita,Callitrichidae,Haplorrhini,Simiiformes,,Callithrix,aurita,
Buffy-headed marmoset,Callithrix flaviceps,Callitrichidae,Haplorrhini,Simiiformes,,Callithrix,flaviceps,
White-headed marmoset,Callithrix geoffroyi,Callitrichidae,Haplorrhini,Simiiformes,,Callithrix,geoffroyi,
Common marmoset,Callithrix jacchus,Callitrichidae,Haplorrhini,Simiiformes,,Callithrix,jacchus,
Wied's marmoset,Callithrix kuhlii,Callitrichidae,Haplorrhini,Simiiformes,,Callithrix,kuhlii,
Black-tufted marmoset,Callithrix penicillata,Callitrichidae,Haplorrhini,Simiiformes,,Callithrix,penicillata,
Rio Acari marmoset,Mico acariensis,Callitrichidae,Haplorrhini,Simiiformes,,Mico,acariensis,
Silvery marmoset,Mico argentatus,Callitrichidae,Haplorrhini,Simiiformes,,Mico,argentatus,
Gold-and-white marmoset,Mico chrysoleuca,Callitrichidae,Haplorrhini,Simiiformes,,Mico,chrysoleuca,
Emilia's marmoset,Mico emiliae,Callitrichidae,Haplorrhini,Simiiformes,,Mico,emiliae,
Santarem marmoset,Mico humeralifera,Callitrichidae,Haplorrhini,Simiiformes,,Mico,humeralifera,
Roosmalens' dwarf marmoset,Mico humilis,Callitrichidae,Haplorrhini,Simiiformes,,Mico,humilis,
Hershkovitz's marmoset,Mico intermedia,Callitrichidae,Haplorrhini,Simiiformes,,Mico,intermedia,
White marmoset,Mico leucippe,Callitrichidae,Haplorrhini,Simiiformes,,Mico,leucippe,
Black-headed marmoset,Mico nigriceps,Callitrichidae,Haplorrhini,Simiiformes,,Mico,nigriceps,
Manicore marmoset,Mico manicorensis,Callitrichidae,Haplorrhini,Simiiformes,,Mico,manicorensis,
Marca's marmoset,Mico marcai,Callitrichidae,Haplorrhini,Simiiformes,,Mico,marcai,
Maués marmoset,Mico mauesi,Callitrichidae,Haplorrhini,Simiiformes,,Mico,mauesi,
Black-tailed marmoset,Mico melanura,Callitrichidae,Haplorrhini,Simiiformes,,Mico,melanura,
Rondon's marmoset,Mico rondoni,Callitrichidae,Haplorrhini,Simiiformes,,Mico,rondoni,
Satéré marmoset,Mico saterei,Callitrichidae,Haplorrhini,Simiiformes,,Mico,saterei,
Schneider's marmoset,Mico schneideri,Callitrichidae,Haplorrhini,Simiiformes,,Mico,schneideri,
Eastern pygmy marmoset,Cebuella niveiventris,Callitrichidae,Haplorrhini,Simiiformes,,Cebuella,niveiventris,
Western pygmy marmoset,Cebuella pygmaea,Callitrichidae,Haplorrhini,Simiiformes,,Cebuella,pygmaea,
Pied tamarin,Saguinus bicolor,Callitrichidae,Haplorrhini,Simiiformes,,Saguinus,bicolor,
Geoffroy's tamarin,Saguinus geoffroyi,Callitrichidae,Haplorrhini,Simiiformes,,Saguinus,geoffroyi,
Emperor tamarin,Saguinus imperator,Callitrichidae,Haplorrhini,Simiiformes,,Saguinus,imperator,
Mottle-faced tamarin,Saguinus inustus,Callitrichidae,Haplorrhini,Simiiformes,,Saguinus,inustus,
White-lipped tamarin,Saguinus labiatus,Callitrichidae,Haplorrhini,Simiiformes,,Saguinus,labiatus,
White-footed tamarin,Saguinus leucopus,Callitrichidae,Haplorrhini,Simiiformes,,Saguinus,leucopus,
Martins's tamarin,Saguinus martinsi,Callitrichidae,Haplorrhini,Simiiformes,,Saguinus,martinsi,
Red-handed tamarin,Saguinus midas,Callitrichidae,Haplorrhini,Simiiformes,,Saguinus,midas,
Moustached tamarin,Saguinus mystax,Callitrichidae,Haplorrhini,Simiiformes,,Saguinus,mystax,
Black tamarin,Saguinus niger,Callitrichidae,Haplorrhini,Simiiformes,,Saguinus,niger,
Cotton-top tamarin or Pinché tamarin,Saguinus oedipus,Callitrichidae,Haplorrhini,Simiiformes,,Saguinus,oedipus,
Red-capped tamarin,Saguinus pileatus,Callitrichidae,Haplorrhini,Simiiformes,,Saguinus,pileatus,
Eastern black-handed tamarin,Saguinus ursulus,Callitrichidae,Haplorrhini,Simiiformes,,Saguinus,ursulus,
Goeldi's marmoset,Callimico goeldii,Callitrichidae,Haplorrhini,Simiiformes,,Callimico,goeldii,
Ecuadorian white-fronted capuchin,Cebus aequatorialis,Cebidae,Haplorrhini,Simiiformes,,Cebus,aequatorialis,
Humboldt's white-fronted capuchin,Cebus albifrons,Cebidae,Haplorrhini,Simiiformes,,Cebus,albifrons,
Venezuelan brown capuchin,Cebus brunneus,Cebidae,Haplorrhini,Simiiformes,,Cebus,brunneus,
Colombian white-faced capuchin,Cebus capucinus,Cebidae,Haplorrhini,Simiiformes,,Cebus,capucinus,
Chestnut capuchin,Cebus castaneus,Cebidae,Haplorrhini,Simiiformes,,Cebus,castaneus,
Río Cesar white-fronted capuchin,Cebus cesare,Cebidae,Haplorrhini,Simiiformes,,Cebus,cesare,
Shock-headed capuchin,Cebus cuscinus,Cebidae,Haplorrhini,Simiiformes,,Cebus,cuscinus,
Panamanian white-faced capuchin,Cebus imitator,Cebidae,Haplorrhini,Simiiformes,,Cebus,imitator,
Ka'apor capuchin,Cebus kaapori,Cebidae,Haplorrhini,Simiiformes,,Cebus,kaapori,
Sierra de Perijá white-fronted capuchin,Cebus leucocephalus,Cebidae,Haplorrhini,Simiiformes,,Cebus,leucocephalus,
Santa Marta white-fronted capuchin,Cebus malitiosus,Cebidae,Haplorrhini,Simiiformes,,Cebus,malitiosus,
Guianan weeper capuchin,Cebus olivaceus,Cebidae,Haplorrhini,Simiiformes,,Cebus,olivaceus,
Spix's white-fronted capuchin,Cebus unicolor,Cebidae,Haplorrhini,Simiiformes,,Cebus,unicolor,
Varied white-fronted capuchin,Cebus versicolor,Cebidae,Haplorrhini,Simiiformes,,Cebus,versicolor,
Marañón white-fronted capuchin,Cebus yuracus,Cebidae,Haplorrhini,Simiiformes,,Cebus,yuracus,
Tufted capuchin,Sapajus apella,Cebidae,Haplorrhini,Simiiformes,,Sapajus,apella,
Azaras's capuchin,Sapajus cay,Cebidae,Haplorrhini,Simiiformes,,Sapajus,cay,
Blond capuchin,Sapajus flavius,Cebidae,Haplorrhini,Simiiformes,,Sapajus,flavius,
Black-striped capuchin,Sapajus libidinosus,Cebidae,Haplorrhini,Simiiformes,,Sapajus,libidinosus,
Black capuchin,Sapajus nigritus,Cebidae,Haplorrhini,Simiiformes,,Sapajus,nigritus,
Crested capuchin,Sapajus robustus,Cebidae,Haplorrhini,Simiiformes,,Sapajus,robustus,
Golden-bellied capuchin,Sapajus xanthosternos,Cebidae,Haplorrhini,Simiiformes,,Sapajus,xanthosternos,
Black-capped squirrel monkey,Saimiri boliviensis,Cebidae,Haplorrhini,Simiiformes,,Saimiri,boliviensis,
Humboldt's squirrel monkey,Saimiri cassiquiarensis,Cebidae,Haplorrhini,Simiiformes,,Saimiri,cassiquiarensis,
Collins' squirrel monkey,Saimiri collinsi,Cebidae,Haplorrhini,Simiiformes,,Saimiri,collinsi,
Central American squirrel monkey,Saimiri oerstedii,Cebidae,Haplorrhini,Simiiformes,,Saimiri,oerstedii,
Guianan squirrel monkey,Saimiri sciureus,Cebidae,Haplorrhini,Simiiformes,,Saimiri,sciureus,
Bare-eared squirrel monkey,Saimiri ustus,Cebidae,Haplorrhini,Simiiformes,,Saimiri,ustus,
Black squirrel monkey,Saimiri vanzolinii,Cebidae,Haplorrhini,Simiiformes,,Saimiri,vanzolinii,
Azara's night monkey,Aotus azarae,Aotidae,Haplorrhini,Simiiformes,,Aotus,azarae,
Brumback's night monkey,Aotus brumbacki,Aotidae,Haplorrhini,Simiiformes,,Aotus,brumbacki,
Gray-handed night monkey,Aotus griseimembra,Aotidae,Haplorrhini,Simiiformes,,Aotus,griseimembra,
Hernández-Camacho's night monkey,Aotus jorgehernandezi,Aotidae,Haplorrhini,Simiiformes,,Aotus,jorgehernandezi,
Gray-bellied night monkey,Aotus lemurinus,Aotidae,Haplorrhini,Simiiformes,,Aotus,lemurinus,
Peruvian night monkey,Aotus miconax,Aotidae,Haplorrhini,Simiiformes,,Aotus,miconax,
Nancy Ma's night monkey,Aotus nancymae,Aotidae,Haplorrhini,Simiiformes,,Aotus,nancymae,
Black-headed night monkey,Aotus nigriceps,Aotidae,Haplorrhini,Simiiformes,,Aotus,nigriceps,
Three-striped night monkey,Aotus trivirgatus,Aotidae,Haplorrhini,Simiiformes,,Aotus,trivirgatus,
Spix's night monkey,Aotus vociferans,Aotidae,Haplorrhini,Simiiformes,,Aotus,vociferans,
Panamanian night monkey,Aotus zonalis,Aotidae,Haplorrhini,Simiiformes,,Aotus,zonalis,
White-eared titi,Plecturocebus donacophilus,Pitheciidae,Haplorrhini,Simiiformes,,Plecturocebus,donacophilus,
Rio Beni titi,Plecturocebus modestus,Pitheciidae,Haplorrhini,Simiiformes,,Plecturocebus,modestus,
Rio Mayo titi,Plecturocebus oenanthe,Pitheciidae,Haplorrhini,Simiiformes,,Plecturocebus,oenanthe,
Ollala brothers's titi,Plecturocebus olallae,Pitheciidae,Haplorrhini,Simiiformes,,Plecturocebus,olallae,
White-coated titi,Plecturocebus pallescens,Pitheciidae,Haplorrhini,Simiiformes,,Plecturocebus,pallescens,
Urubamba brown titi,Plecturocebus urubambensis,Pitheciidae,Haplorrhini,Simiiformes,,Plecturocebus,urubambensis,
Baptista Lake titi,Plecturocebus baptista,Pitheciidae,Haplorrhini,Simiiformes,,Plecturocebus,baptista,
Prince Bernhard's titi,Plecturocebus bernhardi,Pitheciidae,Haplorrhini,Simiiformes,,Plecturocebus,bernhardi,
Brown titi,Plecturocebus brunneus,Pitheciidae,Haplorrhini,Simiiformes,,Plecturocebus,brunneus,
Ashy black titi,Plecturocebus cinerascens,Pitheciidae,Haplorrhini,Simiiformes,,Plecturocebus,cinerascens,
Parecis titi,Plecturocebus parecis,Pitheciidae,Haplorrhini,Simiiformes,,Plecturocebus,parecis,
Hoffmanns's titi,Plecturocebus hoffmannsi,Pitheciidae,Haplorrhini,Simiiformes,,Plecturocebus,hoffmannsi,
Alta Floresta titi,Plecturocebus grovesi,Pitheciidae,Haplorrhini,Simiiformes,,Plecturocebus,grovesi,
Milton's titi,Plecturocebus miltoni,Pitheciidae,Haplorrhini,Simiiformes,,Plecturocebus,miltoni,
Red-bellied titi,Plecturocebus moloch,Pitheciidae,Haplorrhini,Simiiformes,,Plecturocebus,moloch,
Vieira's titi,Plecturocebus vieirai,Pitheciidae,Haplorrhini,Simiiformes,,Plecturocebus,vieirai,
Toppin's titi,Plecturocebus toppini,Pitheciidae,Haplorrhini,Simiiformes,,Plecturocebus,toppini,
Madidi titi,Plecturocebus aureipalatii,Pitheciidae,Haplorrhini,Simiiformes,,Plecturocebus,aureipalatii,
Chestnut-bellied titi,Plecturocebus caligatus,Pitheciidae,Haplorrhini,Simiiformes,,Plecturocebus,caligatus,
Caquetá titi,Plecturocebus caquetensis,Pitheciidae,Haplorrhini,Simiiformes,,Plecturocebus,caquetensis,
Coppery titi,Plecturocebus cupreus,Pitheciidae,Haplorrhini,Simiiformes,,Plecturocebus,cupreus,
White-tailed titi,Plecturocebus discolor,Pitheciidae,Haplorrhini,Simiiformes,,Plecturocebus,discolor,
Hershkovitz's titi,Plecturocebus dubius,Pitheciidae,Haplorrhini,Simiiformes,,Plecturocebus,dubius,
Ornate titi,Plecturocebus ornatus,Pitheciidae,Haplorrhini,Simiiformes,,Plecturocebus,ornatus,
Stephen Nash's titi,Plecturocebus stephennashi,Pitheciidae,Haplorrhini,Simiiformes,,Plecturocebus,stephennashi,
Lucifer titi,Cheracebus lucifer,Pitheciidae,Haplorrhini,Simiiformes,,Cheracebus,lucifer,
Black titi,Cheracebus lugens,Pitheciidae,Haplorrhini,Simiiformes,,Cheracebus,lugens,
Colombian black-handed titi,Cheracebus medemi,Pitheciidae,Haplorrhini,Simiiformes,,Cheracebus,medemi,
Red-headed titi,Cheracebus regulus,Pitheciidae,Haplorrhini,Simiiformes,,Cheracebus,regulus,
Collared titi,Cheracebus torquatus,Pitheciidae,Haplorrhini,Simiiformes,,Cheracebus,torquatus,
Barbara Brown's titi,Callicebus barbarabrownae,Pitheciidae,Haplorrhini,Simiiformes,,Callicebus,barbarabrownae,
Coimbra Filho's titi,Callicebus coimbrai,Pitheciidae,Haplorrhini,Simiiformes,,Callicebus,coimbrai,
Coastal black-handed titi,Callicebus melanochir,Pitheciidae,Haplorrhini,Simiiformes,,Callicebus,melanochir,
Black-fronted titi,Callicebus nigrifrons,Pitheciidae,Haplorrhini,Simiiformes,,Callicebus,nigrifrons,
Atlantic titi,Callicebus personatus,Pitheciidae,Haplorrhini,Simiiformes,,Callicebus,personatus,
Equatorial saki,Pithecia aequatorialis,Pitheciidae,Haplorrhini,Simiiformes,,Pithecia,aequatorialis,
White-footed saki,Pithecia albicans,Pitheciidae,Haplorrhini,Simiiformes,,Pithecia,albicans,
Cazuza's saki,Pithecia cazuzai,Pitheciidae,Haplorrhini,Simiiformes,,Pithecia,cazuzai,
Golden-faced saki,Pithecia chrysocephala,Pitheciidae,Haplorrhini,Simiiformes,,Pithecia,chrysocephala,
Hairy saki,Pithecia hirsuta,Pitheciidae,Haplorrhini,Simiiformes,,Pithecia,hirsuta,
Burnished saki,Pithecia inusta,Pitheciidae,Haplorrhini,Simiiformes,,Pithecia,inusta,
Rio Tapajós saki,Pithecia irrorata,Pitheciidae,Haplorrhini,Simiiformes,,Pithecia,irrorata,
Isabel's saki,Pithecia isabela,Pitheciidae,Haplorrhini,Simiiformes,,Pithecia,isabela,
Monk saki,Pithecia monachus,Pitheciidae,Haplorrhini,Simiiformes,,Pithecia,monachus,
Miller's saki,Pithecia milleri,Pitheciidae,Haplorrhini,Simiiformes,,Pithecia,milleri,
Mittermeier's Tapajós saki,Pithecia mittermeieri,Pitheciidae,Haplorrhini,Simiiformes,,Pithecia,mittermeieri,
Napo saki,Pithecia napensis,Pitheciidae,Haplorrhini,Simiiformes,,Pithecia,napensis,
Pissinatti’s saki,Pithecia pissinattii,Pitheciidae,Haplorrhini,Simiiformes,,Pithecia,pissinattii,
White-faced saki,Pithecia pithecia,Pitheciidae,Haplorrhini,Simiiformes,,Pithecia,pithecia,
Rylands' bald-faced saki,Pithecia rylandsi,Pitheciidae,Haplorrhini,Simiiformes,,Pithecia,rylandsi,
Vanzolini's bald-faced saki,Pithecia vanzolinii,Pitheciidae,Haplorrhini,Simiiformes,,Pithecia,vanzolinii,
White-nosed saki,Chiropotes albinasus,Pitheciidae,Haplorrhini,Simiiformes,,Chiropotes,albinasus,
Red-backed bearded saki,Chiropotes chiropotes,Pitheciidae,Haplorrhini,Simiiformes,,Chiropotes,chiropotes,
Brown-backed bearded saki,Chiropotes israelita,Pitheciidae,Haplorrhini,Simiiformes,,Chiropotes,israelita,
Black bearded saki,Chiropotes satanas,Pitheciidae,Haplorrhini,Simiiformes,,Chiropotes,satanas,
Uta Hick's bearded saki,Chiropotes utahickae,Pitheciidae,Haplorrhini,Simiiformes,,Chiropotes,utahickae,
Aracá uakari,Cacajao ayresii,Pitheciidae,Haplorrhini,Simiiformes,,Cacajao,ayresii,
Bald uakari,Cacajao calvus,Pitheciidae,Haplorrhini,Simiiformes,,Cacajao,calvus,
Neblina uakari,Cacajao hosomi,Pitheciidae,Haplorrhini,Simiiformes,,Cacajao,hosomi,
Golden-backed uakari,Cacajao melanocephalus,Pitheciidae,Haplorrhini,Simiiformes,,Cacajao,melanocephalus,
Ursine howler,Alouatta arctoidea,Atelidae,Haplorrhini,Simiiformes,,Alouatta,arctoidea,
Red-handed howler,Alouatta belzebul,Atelidae,Haplorrhini,Simiiformes,,Alouatta,belzebul,
Black howler,Alouatta caraya,Atelidae,Haplorrhini,Simiiformes,,Alouatta,caraya,
Coiba Island howler,Alouatta coibensis,Atelidae,Haplorrhini,Simiiformes,,Alouatta,coibensis,
Spix's red-handed howler,Alouatta discolor,Atelidae,Haplorrhini,Simiiformes,,Alouatta,discolor,
Brown howler,Alouatta guariba,Atelidae,Haplorrhini,Simiiformes,,Alouatta,guariba,
Juruá red howler,Alouatta juara,Atelidae,Haplorrhini,Simiiformes,,Alouatta,juara,
Guyanan red howler,Alouatta macconnelli,Atelidae,Haplorrhini,Simiiformes,,Alouatta,macconnelli,
Amazon black howler,Alouatta nigerrima,Atelidae,Haplorrhini,Simiiformes,,Alouatta,nigerrima,
Mantled howler,Alouatta palliata,Atelidae,Haplorrhini,Simiiformes,,Alouatta,palliata,
Guatemalan black howler,Alouatta pigra,Atelidae,Haplorrhini,Simiiformes,,Alouatta,pigra,
Purus red howler,Alouatta puruensis,Atelidae,Haplorrhini,Simiiformes,,Alouatta,puruensis,
Bolivian red howler,Alouatta sara,Atelidae,Haplorrhini,Simiiformes,,Alouatta,sara,
Venezuelan red howler,Alouatta seniculus,Atelidae,Haplorrhini,Simiiformes,,Alouatta,seniculus,
Maranhão red-handed howler,Alouatta ululata,Atelidae,Haplorrhini,Simiiformes,,Alouatta,ululata,
White-bellied spider monkey,Ateles belzebuth,Atelidae,Haplorrhini,Simiiformes,,Ateles,belzebuth,
Peruvian spider monkey,Ateles chamek,Atelidae,Haplorrhini,Simiiformes,,Ateles,chamek,
Black-headed spider monkey,Ateles fusciceps,Atelidae,Haplorrhini,Simiiformes,,Ateles,fusciceps,
Geoffroy's spider monkey,Ateles geoffroyi,Atelidae,Haplorrhini,Simiiformes,,Ateles,geoffroyi,
Brown spider monkey,Ateles hybridus,Atelidae,Haplorrhini,Simiiformes,,Ateles,hybridus,
White-cheeked spider monkey,Ateles marginatus,Atelidae,Haplorrhini,Simiiformes,,Ateles,marginatus,
Red-faced spider monkey,Ateles paniscus,Atelidae,Haplorrhini,Simiiformes,,Ateles,paniscus,
Southern muriqui,Brachyteles arachnoides,Atelidae,Haplorrhini,Simiiformes,,Brachyteles,arachnoides,
Northern muriqui,Brachyteles hypoxanthus,Atelidae,Haplorrhini,Simiiformes,,Brachyteles,hypoxanthus,
Brown woolly monkey,Lagothrix lagotricha,Atelidae,Haplorrhini,Simiiformes,,Lagothrix,lagotricha,
Yellow-tailed woolly monkey,Lagothrix flavicauda,Atelidae,Haplorrhini,Simiiformes,,Lagothrix,flavicauda,
Allen's swamp monkey,Allenopithecus nigroviridis,Cercopithecidae,Haplorrhini,,Catarrhini,Allenopithecus,nigroviridis,
Gabon talapoin,Miopithecus ogouensis,Cercopithecidae,Haplorrhini,,Catarrhini,Miopithecus,ogouensis,
Angolan talapoin,Miopithecus talapoin,Cercopithecidae,Haplorrhini,,Catarrhini,Miopithecus,talapoin,
Southern patas monkey,Erythrocebus baumstarki,Cercopithecidae,Haplorrhini,,Catarrhini,Erythrocebus,baumstarki,
Common patas monkey,Erythrocebus patas,Cercopithecidae,Haplorrhini,,Catarrhini,Erythrocebus,patas,
Blue Nile patas monkey,Erythrocebus poliocephalus,Cercopithecidae,Haplorrhini,,Catarrhini,Erythrocebus,poliocephalus,
Grivet,Chlorocebus aethiops,Cercopithecidae,Haplorrhini,,Catarrhini,Chlorocebus,aethiops,
Malbrouck,Chlorocebus cynosuros,Cercopithecidae,Haplorrhini,,Catarrhini,Chlorocebus,cynosuros,
Bale Mountains vervet,Chlorocebus djamdjamensis,Cercopithecidae,Haplorrhini,,Catarrhini,Chlorocebus,djamdjamensis,
Dryas monkey or Salongo monkey,Chlorocebus dryas,Cercopithecidae,Haplorrhini,,Catarrhini,Chlorocebus,dryas,
Green monkey,Chlorocebus sabaeus,Cercopithecidae,Haplorrhini,,Catarrhini,Chlorocebus,sabaeus,
Tantalus monkey,Chlorocebus tantalus,Cercopithecidae,Haplorrhini,,Catarrhini,Chlorocebus,tantalus,
Vervet monkey,Chlorocebus pygerythrus,Cercopithecidae,Haplorrhini,,Catarrhini,Chlorocebus,pygerythrus,
L'Hoest's monkey,Allochrocebus lhoesti,Cercopithecidae,Haplorrhini,,Catarrhini,Allochrocebus,lhoesti,
Preuss's monkey,Allochrocebus preussi,Cercopithecidae,Haplorrhini,,Catarrhini,Allochrocebus,preussi,
Sun-tailed monkey,Allochrocebus solatus,Cercopithecidae,Haplorrhini,,Catarrhini,Allochrocebus,solatus,
Sykes' monkey,Cercopithecus albogularis,Cercopithecidae,Haplorrhini,,Catarrhini,Cercopithecus,albogularis,
Red-tailed monkey,Cercopithecus ascanius,Cercopithecidae,Haplorrhini,,Catarrhini,Cercopithecus,ascanius,
Campbell's mona monkey,Cercopithecus campbelli,Cercopithecidae,Haplorrhini,,Catarrhini,Cercopithecus,campbelli,
Moustached guenon,Cercopithecus cephus,Cercopithecidae,Haplorrhini,,Catarrhini,Cercopithecus,cephus,
Dent's mona monkey,Cercopithecus denti,Cercopithecidae,Haplorrhini,,Catarrhini,Cercopithecus,denti,
Diana monkey,Cercopithecus diana,Cercopithecidae,Haplorrhini,,Catarrhini,Cercopithecus,diana,
Silver monkey,Cercopithecus doggetti,Cercopithecidae,Haplorrhini,,Catarrhini,Cercopithecus,doggetti,
White-throated guenon,Cercopithecus erythrogaster,Cercopithecidae,Haplorrhini,,Catarrhini,Cercopithecus,erythrogaster,
Red-eared guenon,Cercopithecus erythrotis,Cercopithecidae,Haplorrhini,,Catarrhini,Cercopithecus,erythrotis,
Hamlyn's monkey or owl-faced monkey,Cercopithecus hamlyni,Cercopithecidae,Haplorrhini,,Catarrhini,Cercopithecus,hamlyni,
Golden monkey,Cercopithecus kandti,Cercopithecidae,Haplorrhini,,Catarrhini,Cercopithecus,kandti,
Lesula,Cercopithecus lomamiensis,Cercopithecidae,Haplorrhini,,Catarrhini,Cercopithecus,lomamiensis,
Lowe's mona monkey,Cercopithecus lowei,Cercopithecidae,Haplorrhini,,Catarrhini,Cercopithecus,lowei,
Blue monkey,Cercopithecus mitis,Cercopithecidae,Haplorrhini,,Catarrhini,Cercopithecus,mitis,
Mona monkey,Cercopithecus mona,Cercopithecidae,Haplorrhini,,Catarrhini,Cercopithecus,mona,
De Brazza's monkey,Cercopithecus neglectus,Cercopithecidae,Haplorrhini,,Catarrhini,Cercopithecus,neglectus,
Greater spot-nosed monkey,Cercopithecus nictitans,Cercopithecidae,Haplorrhini,,Catarrhini,Cercopithecus,nictitans,
Lesser spot-nosed monkey,Cercopithecus petaurista,Cercopithecidae,Haplorrhini,,Catarrhini,Cercopithecus,petaurista,
Crested mona monkey,Cercopithecus pogonias,Cercopithecidae,Haplorrhini,,Catarrhini,Cercopithecus,pogonias,
Roloway monkey,Cercopithecus roloway,Cercopithecidae,Haplorrhini,,Catarrhini,Cercopithecus,roloway,
Sclater's guenon,Cercopithecus sclateri,Cercopithecidae,Haplorrhini,,Catarrhini,Cercopithecus,sclateri,
Wolf's mona monkey,Cercopithecus wolfi,Cercopithecidae,Haplorrhini,,Catarrhini,Cercopithecus,wolfi,
Stump-tailed macaque,Macaca arctoides,Cercopithecidae,Haplorrhini,,Catarrhini,Macaca,arctoides,
Assam macaque,Macaca assamensis,Cercopithecidae,Haplorrhini,,Catarrhini,Macaca,assamensis,
Formosan rock macaque,Macaca cyclopis,Cercopithecidae,Haplorrhini,,Catarrhini,Macaca,cyclopis,
Japanese macaque,Macaca fuscata,Cercopithecidae,Haplorrhini,,Catarrhini,Macaca,fuscata,
Crab-eating macaque,Macaca fascicularis,Cercopithecidae,Haplorrhini,,Catarrhini,Macaca,fascicularis,
Heck's macaque,Macaca hecki,Cercopithecidae,Haplorrhini,,Catarrhini,Macaca,hecki,
Northern pig-tailed macaque,Macaca leonina,Cercopithecidae,Haplorrhini,,Catarrhini,Macaca,leonina,
White-cheeked macaque,Macaca leucogenys,Cercopithecidae,Haplorrhini,,Catarrhini,Macaca,leucogenys,
Moor macaque,Macaca maura,Cercopithecidae,Haplorrhini,,Catarrhini,Macaca,maura,
Rhesus macaque,Macaca mulatta,Cercopithecidae,Haplorrhini,,Catarrhini,Macaca,mulatta,
Arunachal macaque,Macaca munzala,Cercopithecidae,Haplorrhini,,Catarrhini,Macaca,munzala,
Southern pig-tailed macaque,Macaca nemestrina,Cercopithecidae,Haplorrhini,,Catarrhini,Macaca,nemestrina,
Celebes crested macaque,Macaca nigra,Cercopithecidae,Haplorrhini,,Catarrhini,Macaca,nigra,
Gorontalo macaque,Macaca nigrescens,Cercopithecidae,Haplorrhini,,Catarrhini,Macaca,nigrescens,
Booted macaque,Macaca ochreata,Cercopithecidae,Haplorrhini,,Catarrhini,Macaca,ochreata,
Pagai Island macaque,Macaca pagensis,Cercopithecidae,Haplorrhini,,Catarrhini,Macaca,pagensis,
Bonnet macaque,Macaca radiata,Cercopithecidae,Haplorrhini,,Catarrhini,Macaca,radiata,
Siberut macaque,Macaca siberu,Cercopithecidae,Haplorrhini,,Catarrhini,Macaca,siberu,
Lion-tailed macaque,Macaca silenus,Cercopithecidae,Haplorrhini,,Catarrhini,Macaca,silenus,
Toque macaque,Macaca sinica,Cercopithecidae,Haplorrhini,,Catarrhini,Macaca,sinica,
Barbary macaque,Macaca sylvanus,Cercopithecidae,Haplorrhini,,Catarrhini,Macaca,sylvanus,
Tibetan macaque,Macaca thibetana,Cercopithecidae,Haplorrhini,,Catarrhini,Macaca,thibetana,
Tonkean macaque,Macaca tonkeana,Cercopithecidae,Haplorrhini,,Catarrhini,Macaca,tonkeana,
Grey-cheeked mangabey,Lophocebus albigena,Cercopithecidae,Haplorrhini,,Catarrhini,Lophocebus,albigena,
Black crested mangabey,Lophocebus aterrimus,Cercopithecidae,Haplorrhini,,Catarrhini,Lophocebus,aterrimus,
Johnston's mangabey,Lophocebus johnstoni,Cercopithecidae,Haplorrhini,,Catarrhini,Lophocebus,johnstoni,
Opdenbosch's mangabey,Lophocebus opdenboschi,Cercopithecidae,Haplorrhini,,Catarrhini,Lophocebus,opdenboschi,
Osman Hill's mangabey,Lophocebus osmani,Cercopithecidae,Haplorrhini,,Catarrhini,Lophocebus,osmani,
Uganda mangabey,Lophocebus ugandae,Cercopithecidae,Haplorrhini,,Catarrhini,Lophocebus,ugandae,
Kipunji,Rungwecebus kipunji,Cercopithecidae,Haplorrhini,,Catarrhini,Rungwecebus,kipunji,
Olive baboon,Papio anubis,Cercopithecidae,Haplorrhini,,Catarrhini,Papio,anubis,
Yellow baboon,Papio cynocephalus,Cercopithecidae,Haplorrhini,,Catarrhini,Papio,cynocephalus,
Hamadryas baboon,Papio hamadryas,Cercopithecidae,Haplorrhini,,Catarrhini,Papio,hamadryas,
Guinea baboon,Papio papio,Cercopithecidae,Haplorrhini,,Catarrhini,Papio,papio,
Chacma baboon,Papio ursinus,Cercopithecidae,Haplorrhini,,Catarrhini,Papio,ursinus,
Kinda baboon,Papio kindae,Cercopithecidae,Haplorrhini,,Catarrhini,Papio,kindae,
Gelada,Theropithecus gelada,Cercopithecidae,Haplorrhini,,Catarrhini,Theropithecus,gelada,
Agile mangabey,Cercocebus agilis,Cercopithecidae,Haplorrhini,,Catarrhini,Cercocebus,agilis,
Sooty mangabey,Cercocebus atys,Cercopithecidae,Haplorrhini,,Catarrhini,Cercocebus,atys,
Golden-bellied mangabey,Cercocebus chrysogaster,Cercopithecidae,Haplorrhini,,Catarrhini,Cercocebus,chrysogaster,
Tana River mangabey,Cercocebus galeritus,Cercopithecidae,Haplorrhini,,Catarrhini,Cercocebus,galeritus,
Sanje mangabey,Cercocebus sanjei,Cercopithecidae,Haplorrhini,,Catarrhini,Cercocebus,sanjei,
Collared mangabey,Cercocebus torquatus,Cercopithecidae,Haplorrhini,,Catarrhini,Cercocebus,torquatus,
Mandrill,Mandrillus sphinx,Cercopithecidae,Haplorrhini,,Catarrhini,Mandrillus,sphinx,
Drill,Mandrillus leucophaeus,Cercopithecidae,Haplorrhini,,Catarrhini,Mandrillus,leucophaeus,
Angola colobus,Colobus angolensis,Cercopithecidae,Haplorrhini,,Catarrhini,Colobus,angolensis,
Mantled guereza,Colobus guereza,Cercopithecidae,Haplorrhini,,Catarrhini,Colobus,guereza,
King colobus,Colobus polykomos,Cercopithecidae,Haplorrhini,,Catarrhini,Colobus,polykomos,
Black colobus,Colobus satanas,Cercopithecidae,Haplorrhini,,Catarrhini,Colobus,satanas,
Ursine colobus,Colobus vellerosus,Cercopithecidae,Haplorrhini,,Catarrhini,Colobus,vellerosus,
Western red colobus,Piliocolobus badius,Cercopithecidae,Haplorrhini,,Catarrhini,Piliocolobus,badius,
Bouvier's red colobus,Piliocolobus bouiveri,Cercopithecidae,Haplorrhini,,Catarrhini,Piliocolobus,bouiveri,
Niger Delta red colobus,Piliocolobus epieni,Cercopithecidae,Haplorrhini,,Catarrhini,Piliocolobus,epieni,
Foa's red colobus,Piliocolobus foai,Cercopithecidae,Haplorrhini,,Catarrhini,Piliocolobus,foai,
Udzungwa red colobus,Piliocolobus gordonorum,Cercopithecidae,Haplorrhini,,Catarrhini,Piliocolobus,gordonorum,
Zanzibar red colobus,Piliocolobus kirkii,Cercopithecidae,Haplorrhini,,Catarrhini,Piliocolobus,kirkii,
Lang's red colobus,Piliocolobus langi,Cercopithecidae,Haplorrhini,,Catarrhini,Piliocolobus,langi,
Ulindi River red colobus,Piliocolobus lulindicus,Cercopithecidae,Haplorrhini,,Catarrhini,Piliocolobus,lulindicus,
Oustalet's red colobus,Piliocolobus oustaleti,Cercopithecidae,Haplorrhini,,Catarrhini,Piliocolobus,oustaleti,
Lomami red colobus,Piliocolobus parmentieri,Cercopithecidae,Haplorrhini,,Catarrhini,Piliocolobus,parmentieri,
Pennant's colobus,Piliocolobus pennantii,Cercopithecidae,Haplorrhini,,Catarrhini,Piliocolobus,pennantii,
Preuss's red colobus,Piliocolobus preussi,Cercopithecidae,Haplorrhini,,Catarrhini,Piliocolobus,preussi,
Tana River red colobus,Piliocolobus rufomitratus,Cercopithecidae,Haplorrhini,,Catarrhini,Piliocolobus,rufomitratus,
Semliki red colobus,Piliocolobus semlikiensis,Cercopithecidae,Haplorrhini,,Catarrhini,Piliocolobus,semlikiensis,
Ugandan red colobus,Piliocolobus tephrosceles,Cercopithecidae,Haplorrhini,,Catarrhini,Piliocolobus,tephrosceles,
Tshuapa red colobus,Piliocolobus tholloni,Cercopithecidae,Haplorrhini,,Catarrhini,Piliocolobus,tholloni,
Miss Waldron's red colobus,Piliocolobus waldronae,Cercopithecidae,Haplorrhini,,Catarrhini,Piliocolobus,waldronae,
Olive colobus,Procolobus verus,Cercopithecidae,Haplorrhini,,Catarrhini,Procolobus,verus,
Kashmir gray langur,Semnopithecus ajax,Cercopithecidae,Haplorrhini,,Catarrhini,Semnopithecus,ajax,
Northern plains gray langur,Semnopithecus entellus,Cercopithecidae,Haplorrhini,,Catarrhini,Semnopithecus,entellus,
Nilgiri langur,Semnopithecus johnii,Cercopithecidae,Haplorrhini,,Catarrhini,Semnopithecus,johnii,
Tarai gray langur,Semnopithecus hector,Cercopithecidae,Haplorrhini,,Catarrhini,Semnopithecus,hector,
Black-footed gray langur,Semnopithecus hypoleucos,Cercopithecidae,Haplorrhini,,Catarrhini,Semnopithecus,hypoleucos,
Tufted gray langur,Semnopithecus priam,Cercopithecidae,Haplorrhini,,Catarrhini,Semnopithecus,priam,
Nepal gray langur,Semnopithecus schistaceus,Cercopithecidae,Haplorrhini,,Catarrhini,Semnopithecus,schistaceus,
Purple-faced langur,Semnopithecus vetulus,Cercopithecidae,Haplorrhini,,Catarrhini,Semnopithecus,vetulus,
East Javan langur,Trachypithecus auratus,Cercopithecidae,Haplorrhini,,Catarrhini,Trachypithecus,auratus,
Tenasserim lutung,Trachypithecus barbei,Cercopithecidae,Haplorrhini,,Catarrhini,Trachypithecus,barbei,
Indochinese grey langur,Trachypithecus crepusculus,Cercopithecidae,Haplorrhini,,Catarrhini,Trachypithecus,crepusculus,
Silvery lutung or silvered leaf monkey,Trachypithecus cristatus,Cercopithecidae,Haplorrhini,,Catarrhini,Trachypithecus,cristatus,
Delacour's langur,Trachypithecus delacouri,Cercopithecidae,Haplorrhini,,Catarrhini,Trachypithecus,delacouri,
Indochinese black langur,Trachypithecus ebenus,Cercopithecidae,Haplorrhini,,Catarrhini,Trachypithecus,ebenus,
François' langur,Trachypithecus francoisi,Cercopithecidae,Haplorrhini,,Catarrhini,Trachypithecus,francoisi,
Gee's golden langur,Trachypithecus geei,Cercopithecidae,Haplorrhini,,Catarrhini,Trachypithecus,geei,
Germain's langur,Trachypithecus germaini,Cercopithecidae,Haplorrhini,,Catarrhini,Trachypithecus,germaini,
Hatinh langur,Trachypithecus hatinhensis,Cercopithecidae,Haplorrhini,,Catarrhini,Trachypithecus,hatinhensis,
Laotian langur,Trachypithecus laotum,Cercopithecidae,Haplorrhini,,Catarrhini,Trachypithecus,laotum,
White-headed langur,Trachypithecus leucocephalus,Cercopithecidae,Haplorrhini,,Catarrhini,Trachypithecus,leucocephalus,
Annamese langur,Trachypithecus margarita,Cercopithecidae,Haplorrhini,,Catarrhini,Trachypithecus,margarita,
West Javan langur,Trachypithecus mauritius,Cercopithecidae,Haplorrhini,,Catarrhini,Trachypithecus,mauritius,
Shan State langur,Trachypithecus melamera,Cercopithecidae,Haplorrhini,,Catarrhini,Trachypithecus,melamera,
Dusky leaf monkey,Trachypithecus obscurus,Cercopithecidae,Haplorrhini,,Catarrhini,Trachypithecus,obscurus,
Phayre's leaf monkey,Trachypithecus phayrei,Cercopithecidae,Haplorrhini,,Catarrhini,Trachypithecus,phayrei,
Capped langur,Trachypithecus pileatus,Cercopithecidae,Haplorrhini,,Catarrhini,Trachypithecus,pileatus,
White-headed langur,Trachypithecus poliocephalus,Cercopithecidae,Haplorrhini,,Catarrhini,Trachypithecus,poliocephalus,
Popa langur,Trachypithecus popa,Cercopithecidae,Haplorrhini,,Catarrhini,Trachypithecus,popa,
Selangor silvered langur,Trachypithecus selangorensis,Cercopithecidae,Haplorrhini,,Catarrhini,Trachypithecus,selangorensis,
Shortridge's langur,Trachypithecus shortridgei,Cercopithecidae,Haplorrhini,,Catarrhini,Trachypithecus,shortridgei,
Black-and-white langur,Presbytis bicolor,Cercopithecidae,Haplorrhini,,Catarrhini,Presbytis,bicolor,
Miller's langur,Presbytis canicrus,Cercopithecidae,Haplorrhini,,Catarrhini,Presbytis,canicrus,
Javan surili,Presbytis comata,Cercopithecidae,Haplorrhini,,Catarrhini,Presbytis,comata,
Sarawak surili,Presbytis chrysomelas,Cercopithecidae,Haplorrhini,,Catarrhini,Presbytis,chrysomelas,
Raffles banded langur,Presbytis femoralis,Cercopithecidae,Haplorrhini,,Catarrhini,Presbytis,femoralis,
White-fronted surili,Presbytis frontata,Cercopithecidae,Haplorrhini,,Catarrhini,Presbytis,frontata,
Hose's langur,Presbytis hosei,Cercopithecidae,Haplorrhini,,Catarrhini,Presbytis,hosei,
Black-crested Sumatran langur,Presbytis melalophos,Cercopithecidae,Haplorrhini,,Catarrhini,Presbytis,melalophos,
Mitered langur,Presbytis mitrata,Cercopithecidae,Haplorrhini,,Catarrhini,Presbytis,mitrata,
Natuna Island surili,Presbytis natunae,Cercopithecidae,Haplorrhini,,Catarrhini,Presbytis,natunae,
East Sumatran banded langur,Presbytis percura,Cercopithecidae,Haplorrhini,,Catarrhini,Presbytis,percura,
Mentawai langur or joja,Presbytis potenziani,Cercopithecidae,Haplorrhini,,Catarrhini,Presbytis,potenziani,
Robinson's banded langur,Presbytis robinsoni,Cercopithecidae,Haplorrhini,,Catarrhini,Presbytis,robinsoni,
Maroon leaf monkey,Presbytis rubicunda,Cercopithecidae,Haplorrhini,,Catarrhini,Presbytis,rubicunda,
Saban grizzled langur,Presbytis sabana,Cercopithecidae,Haplorrhini,,Catarrhini,Presbytis,sabana,
White-thighed surili,Presbytis siamensis,Cercopithecidae,Haplorrhini,,Catarrhini,Presbytis,siamensis,
Siberut langur,Presbytis siberu,Cercopithecidae,Haplorrhini,,Catarrhini,Presbytis,siberu,
Black Sumatran langur,Presbytis sumatrana,Cercopithecidae,Haplorrhini,,Catarrhini,Presbytis,sumatrana,
Thomas's langur,Presbytis thomasi,Cercopithecidae,Haplorrhini,,Catarrhini,Presbytis,thomasi,
Gray-shanked douc,Pygathrix cinerea,Cercopithecidae,Haplorrhini,,Catarrhini,Pygathrix,cinerea,
Red-shanked douc,Pygathrix nemaeus,Cercopithecidae,Haplorrhini,,Catarrhini,Pygathrix,nemaeus,
Black-shanked douc,Pygathrix nigripes,Cercopithecidae,Haplorrhini,,Catarrhini,Pygathrix,nigripes,
Tonkin snub-nosed monkey,Rhinopithecus avunculus,Cercopithecidae,Haplorrhini,,Catarrhini,Rhinopithecus,avunculus,
Black snub-nosed monkey,Rhinopithecus bieti,Cercopithecidae,Haplorrhini,,Catarrhini,Rhinopithecus,bieti,
Gray snub-nosed monkey,Rhinopithecus brelichi,Cercopithecidae,Haplorrhini,,Catarrhini,Rhinopithecus,brelichi,
Golden snub-nosed monkey,Rhinopithecus roxellana,Cercopithecidae,Haplorrhini,,Catarrhini,Rhinopithecus,roxellana,
Myanmar snub-nosed monkey,Rhinopithecus strykeri,Cercopithecidae,Haplorrhini,,Catarrhini,Rhinopithecus,strykeri,
Proboscis monkey,Nasalis larvatus,Cercopithecidae,Haplorrhini,,Catarrhini,Nasalis,larvatus,
Pig-tailed langur,Simias concolor,Cercopithecidae,Haplorrhini,,Catarrhini,Simias,concolor,
Western grey gibbon,Hylobates abbotti,Hylobatidae,Haplorrhini,,Catarrhini,Hylobates,abbotti,
Agile gibbon,Hylobates agilis,Hylobatidae,Haplorrhini,,Catarrhini,Hylobates,agilis,
Bornean white-bearded gibbon,Hylobates albibarbis,Hylobatidae,Haplorrhini,,Catarrhini,Hylobates,albibarbis,
Eastern grey gibbon,Hylobates funereus,Hylobatidae,Haplorrhini,,Catarrhini,Hylobates,funereus,
Kloss's gibbon,Hylobates klossii,Hylobatidae,Haplorrhini,,Catarrhini,Hylobates,klossii,
Lar gibbon,Hylobates lar,Hylobatidae,Haplorrhini,,Catarrhini,Hylobates,lar,
Silvery gibbon,Hylobates moloch,Hylobatidae,Haplorrhini,,Catarrhini,Hylobates,moloch,
Müller's gibbon,Hylobates muelleri,Hylobatidae,Haplorrhini,,Catarrhini,Hylobates,muelleri,
Pileated gibbon,Hylobates pileatus,Hylobatidae,Haplorrhini,,Catarrhini,Hylobates,pileatus,
Western hoolock gibbon,Hoolock hoolock,Hylobatidae,Haplorrhini,,Catarrhini,Hoolock,hoolock,
Eastern hoolock gibbon,Hoolock leuconedys,Hylobatidae,Haplorrhini,,Catarrhini,Hoolock,leuconedys,
Skywalker hoolock gibbon,Hoolock tianxing,Hylobatidae,Haplorrhini,,Catarrhini,Hoolock,tianxing,
Siamang,Symphalangus syndactylus,Hylobatidae,Haplorrhini,,Catarrhini,Symphalangus,syndactylus,
Northern buffed-cheeked gibbon,Nomascus annamensis,Hylobatidae,Haplorrhini,,Catarrhini,Nomascus,annamensis,
Black crested gibbon,Nomascus concolor,Hylobatidae,Haplorrhini,,Catarrhini,Nomascus,concolor,
Yellow-cheeked gibbon,Nomascus gabriellae,Hylobatidae,Haplorrhini,,Catarrhini,Nomascus,gabriellae,
Hainan black crested gibbon,Nomascus hainanus,Hylobatidae,Haplorrhini,,Catarrhini,Nomascus,hainanus,
Northern white-cheeked gibbon,Nomascus leucogenys,Hylobatidae,Haplorrhini,,Catarrhini,Nomascus,leucogenys,
Eastern black crested gibbon,Nomascus nasutus,Hylobatidae,Haplorrhini,,Catarrhini,Nomascus,nasutus,
Southern white-cheeked gibbon,Nomascus siki,Hylobatidae,Haplorrhini,,Catarrhini,Nomascus,siki,
Bornean orangutan,Pongo pygmaeus,Hominidae,Haplorrhini,,Catarrhini,Pongo,pygmaeus,
Sumatran orangutan,Pongo abelii,Hominidae,Haplorrhini,,Catarrhini,Pongo,abelii,
Tapanuli orangutan,Pongo tapanuliensis,Hominidae,Haplorrhini,,Catarrhini,Pongo,tapanuliensis,
Western gorilla,Gorilla gorilla,Hominidae,Haplorrhini,,Catarrhini,Gorilla,gorilla,
Eastern gorilla,Gorilla beringei,Hominidae,Haplorrhini,,Catarrhini,Gorilla,beringei,
Bonobo or pygmy chimpanzee,Pan paniscus,Hominidae,Haplorrhini,,Catarrhini,Pan,paniscus,
Chimpanzee,Pan troglodytes,Hominidae,Haplorrhini,,Catarrhini,Pan,troglodytes,
Human,Homo sapiens,Hominidae,Haplorrhini,,Catarrhini,Homo,sapiens,